{
    "6": {
        "6": {
            "mean": 1.0847274333333334,
            "std": 0.08072479468077959
        },
        "4": {
            "mean": 0.8529951333333333,
            "std": 0.058237640232444855
        },
        "3": {
            "mean": 0.6960918,
            "std": 0.024098017183277073
        },
        "2": {
            "mean": 0.6550232333333333,
            "std": 0.04048414821357762
        },
        "5": {
            "mean": 0.9956106333333333,
            "std": 0.01735514563939096
        }
    },
    "2": {
        "5": {
            "mean": 0.9146173666666667,
            "std": 0.010812402139826906
        },
        "4": {
            "mean": 0.8287651,
            "std": 0.12060627043038677
        },
        "3": {
            "mean": 0.7081604333333333,
            "std": 0.021504374746072953
        },
        "6": {
            "mean": 1.0406330666666666,
            "std": 0.008761897995192676
        },
        "2": {
            "mean": 0.5602989,
            "std": 0.015380990224949759
        }
    },
    "4": {
        "2": {
            "mean": 0.5902017,
            "std": 0.023824965554340632
        },
        "5": {
            "mean": 0.9512238333333334,
            "std": 0.0201650440968948
        },
        "3": {
            "mean": 0.7080855,
            "std": 0.0219162668349963
        },
        "4": {
            "mean": 0.8368519,
            "std": 0.10071057877363575
        },
        "6": {
            "mean": 1.0694564,
            "std": 0.02616273278803135
        }
    },
    "8": {
        "6": {
            "mean": 1.0510384,
            "std": 0.022753387698659654
        },
        "5": {
            "mean": 0.9655292333333333,
            "std": 0.03467209689081046
        },
        "3": {
            "mean": 0.8208376333333334,
            "std": 0.0503541285612519
        },
        "2": {
            "mean": 0.6431162,
            "std": 0.0306885274760994
        },
        "4": {
            "mean": 0.8926922,
            "std": 0.18025333931201115
        }
    }
}
