{
    "1": {
        "1": {
            "mean": 0.4311262,
            "std": 0.00912613491251249,
            "median": 0.429604,
            "q1": 0.425066,
            "q3": 0.4363505
        },
        "2": {
            "mean": 0.5795481666666666,
            "std": 0.07565852872728998,
            "median": 0.5656775,
            "q1": 0.5590045000000001,
            "q3": 0.57383175
        },
        "3": {
            "mean": 0.6921767666666666,
            "std": 0.010605827164357803,
            "median": 0.6942535,
            "q1": 0.68310425,
            "q3": 0.6981504999999999
        },
        "4": {
            "mean": 0.8165393,
            "std": 0.017793455362421398,
            "median": 0.813547,
            "q1": 0.8050795000000001,
            "q3": 0.8221485000000001
        },
        "5": {
            "mean": 0.9211731666666667,
            "std": 0.01674624193164942,
            "median": 0.9202685,
            "q1": 0.911022,
            "q3": 0.9256467500000001
        },
        "6": {
            "mean": 1.0446801333333333,
            "std": 0.010552549519472498,
            "median": 1.045647,
            "q1": 1.0370732500000002,
            "q3": 1.0504072500000001
        }
    },
    "2": {
        "1": {
            "mean": 0.46395566666666666,
            "std": 0.027390565000698152,
            "median": 0.45476099999999997,
            "q1": 0.44104875,
            "q3": 0.4845835
        },
        "2": {
            "mean": 0.5572480333333333,
            "std": 0.016548479843682976,
            "median": 0.5532835,
            "q1": 0.544889,
            "q3": 0.567434
        },
        "3": {
            "mean": 0.6890519,
            "std": 0.015144013143585941,
            "median": 0.6876800000000001,
            "q1": 0.676215,
            "q3": 0.698916
        },
        "4": {
            "mean": 0.8188208666666666,
            "std": 0.013379847640319409,
            "median": 0.817638,
            "q1": 0.8092217500000001,
            "q3": 0.829091
        },
        "5": {
            "mean": 0.9283606,
            "std": 0.025227390633581405,
            "median": 0.924434,
            "q1": 0.9091132500000001,
            "q3": 0.94214575
        },
        "6": {
            "mean": 1.0717015333333333,
            "std": 0.019273449095856557,
            "median": 1.0664675,
            "q1": 1.0601422500000002,
            "q3": 1.07875325
        }
    },
    "4": {
        "1": {
            "mean": 0.48931966666666665,
            "std": 0.03264310720539619,
            "median": 0.477866,
            "q1": 0.4609805,
            "q3": 0.5140195
        },
        "2": {
            "mean": 0.5829470333333333,
            "std": 0.02937250342785818,
            "median": 0.584436,
            "q1": 0.5524345,
            "q3": 0.607485
        },
        "3": {
            "mean": 0.7071177666666667,
            "std": 0.03609879685231985,
            "median": 0.7045085,
            "q1": 0.6779277499999999,
            "q3": 0.72720025
        },
        "4": {
            "mean": 0.872298,
            "std": 0.1156268138476181,
            "median": 0.855962,
            "q1": 0.81877475,
            "q3": 0.8781005000000001
        },
        "5": {
            "mean": 0.9551587333333333,
            "std": 0.037470540179916176,
            "median": 0.9496585,
            "q1": 0.93141875,
            "q3": 0.9655255
        },
        "6": {
            "mean": 1.1081926666666666,
            "std": 0.2267397833089476,
            "median": 1.072293,
            "q1": 1.05470425,
            "q3": 1.0857765000000001
        }
    },
    "6": {
        "1": {
            "mean": 0.4939438666666667,
            "std": 0.05305302068083324,
            "median": 0.495792,
            "q1": 0.4469705,
            "q3": 0.5104195
        },
        "2": {
            "mean": 0.6337118,
            "std": 0.16728970203819357,
            "median": 0.621631,
            "q1": 0.5618427500000001,
            "q3": 0.641033
        },
        "3": {
            "mean": 0.7280605666666666,
            "std": 0.038729282026059096,
            "median": 0.7293745,
            "q1": 0.68994275,
            "q3": 0.76153775
        },
        "4": {
            "mean": 0.8443397,
            "std": 0.02939187642418366,
            "median": 0.8497319999999999,
            "q1": 0.81170975,
            "q3": 0.8661182500000001
        },
        "5": {
            "mean": 0.9475311666666667,
            "std": 0.02577001603184618,
            "median": 0.953109,
            "q1": 0.923171,
            "q3": 0.9659414999999999
        },
        "6": {
            "mean": 1.1068027,
            "std": 0.029732236104999726,
            "median": 1.1125379999999998,
            "q1": 1.09323075,
            "q3": 1.12227225
        }
    },
    "8": {
        "1": {
            "mean": 0.5591450333333333,
            "std": 0.2898995370363592,
            "median": 0.5052965,
            "q1": 0.45696499999999995,
            "q3": 0.56350675
        },
        "2": {
            "mean": 0.6510154,
            "std": 0.04951271020490075,
            "median": 0.6446305,
            "q1": 0.6023807499999999,
            "q3": 0.6819695
        },
        "3": {
            "mean": 0.7502622666666667,
            "std": 0.09529123913450023,
            "median": 0.7498935,
            "q1": 0.69155475,
            "q3": 0.77445975
        },
        "4": {
            "mean": 0.9134398666666667,
            "std": 0.21473145060183385,
            "median": 0.866021,
            "q1": 0.8198890000000001,
            "q3": 0.8920549999999999
        },
        "5": {
            "mean": 1.0504505,
            "std": 0.3595137449137568,
            "median": 1.0025895,
            "q1": 0.9341292499999999,
            "q3": 1.02470775
        },
        "6": {
            "mean": 1.1316640666666666,
            "std": 0.14416407147029373,
            "median": 1.1059755,
            "q1": 1.07226775,
            "q3": 1.131187
        }
    }
}