{
    "1": {
        "1": {
            "mean": 0.5482152149451098,
            "std": 0.005143494349913486,
            "median": 0.548029,
            "q1": 0.546848,
            "q3": 0.549363
        },
        "2": {
            "mean": 0.8367882156124498,
            "std": 0.009505987634871673,
            "median": 0.836755,
            "q1": 0.8345525,
            "q3": 0.838661
        },
        "3": {
            "mean": 1.1074619515151516,
            "std": 0.0040543489724832495,
            "median": 1.1072975,
            "q1": 1.1047654999999998,
            "q3": 1.11004575
        },
        "4": {
            "mean": 1.3653576041666666,
            "std": 0.01190112507792049,
            "median": 1.3645390000000002,
            "q1": 1.3616087499999998,
            "q3": 1.36822275
        },
        "5": {
            "mean": 1.645354517578125,
            "std": 0.004862765082733658,
            "median": 1.6450575,
            "q1": 1.641998,
            "q3": 1.6482907500000001
        }
    },
    "2": {
        "1": {
            "mean": 0.5542263644924526,
            "std": 0.007754317085299686,
            "median": 0.553924,
            "q1": 0.552697,
            "q3": 0.5552440000000001
        },
        "2": {
            "mean": 0.8416113599663583,
            "std": 0.012392110737954544,
            "median": 0.84103,
            "q1": 0.838935,
            "q3": 0.843252
        },
        "3": {
            "mean": 1.1140787164750958,
            "std": 0.015610100925553006,
            "median": 1.113188,
            "q1": 1.1103399999999999,
            "q3": 1.1161195
        },
        "4": {
            "mean": 1.3717729189655172,
            "std": 0.028203993254492667,
            "median": 1.3702705000000002,
            "q1": 1.366543,
            "q3": 1.374008
        },
        "5": {
            "mean": 1.6545363340996169,
            "std": 0.051673475933122506,
            "median": 1.651117,
            "q1": 1.6474864999999999,
            "q3": 1.654894
        }
    },
    "4": {
        "1": {
            "mean": 0.5550000751331651,
            "std": 0.0076650367758452475,
            "median": 0.554529,
            "q1": 0.553117,
            "q3": 0.556015
        },
        "2": {
            "mean": 0.841730666091954,
            "std": 0.017932649805544727,
            "median": 0.8401445000000001,
            "q1": 0.8375825,
            "q3": 0.8427469999999999
        },
        "3": {
            "mean": 1.1163829849690539,
            "std": 0.03907473194367027,
            "median": 1.112708,
            "q1": 1.109285,
            "q3": 1.116624
        },
        "4": {
            "mean": 1.374792109833972,
            "std": 0.0441369319823434,
            "median": 1.369231,
            "q1": 1.365164,
            "q3": 1.373695
        },
        "5": {
            "mean": 1.6542686617405582,
            "std": 0.03252502601308475,
            "median": 1.649767,
            "q1": 1.6462094999999999,
            "q3": 1.6546895
        }
    },
    "6": {
        "1": {
            "mean": 0.5567739604086845,
            "std": 0.012232334295070318,
            "median": 0.555718,
            "q1": 0.554181,
            "q3": 0.557423
        },
        "2": {
            "mean": 0.8484894323607427,
            "std": 0.03032311683654585,
            "median": 0.844856,
            "q1": 0.841614,
            "q3": 0.848882
        },
        "3": {
            "mean": 1.1271598405172414,
            "std": 0.07316571773835594,
            "median": 1.1148099999999999,
            "q1": 1.110099,
            "q3": 1.1222530000000002
        },
        "4": {
            "mean": 1.399349601532567,
            "std": 0.10493229205155183,
            "median": 1.373378,
            "q1": 1.3676234999999999,
            "q3": 1.3850302499999998
        },
        "5": {
            "mean": 1.6855305201149424,
            "std": 0.11428801173970338,
            "median": 1.6532840000000002,
            "q1": 1.64859375,
            "q3": 1.661626
        }
    },
    "8": {
        "1": {
            "mean": 0.5588554908045977,
            "std": 0.030875175886556375,
            "median": 0.554879,
            "q1": 0.5532370000000001,
            "q3": 0.5570039999999999
        },
        "2": {
            "mean": 0.8555966449553001,
            "std": 0.07442961945635984,
            "median": 0.844725,
            "q1": 0.84024,
            "q3": 0.850604
        },
        "3": {
            "mean": 1.1243063218390805,
            "std": 0.057424791346273214,
            "median": 1.1138854999999999,
            "q1": 1.10886875,
            "q3": 1.12306075
        },
        "4": {
            "mean": 1.4010464511494254,
            "std": 0.12471250445045984,
            "median": 1.373791,
            "q1": 1.3677025,
            "q3": 1.38367375
        },
        "5": {
            "mean": 1.6919974750957854,
            "std": 0.17920701104881567,
            "median": 1.651691,
            "q1": 1.6455739999999999,
            "q3": 1.6629459999999998
        }
    }
}