{
    "2": {
        "1": {
            "mean": 0.5556529429824562,
            "std": 0.019411390576740392
        },
        "2": {
            "mean": 0.8462391842105264,
            "std": 0.032178043985498075
        },
        "3": {
            "mean": 1.1223795338345866,
            "std": 0.05139924280019971
        },
        "4": {
            "mean": 1.3843945338345864,
            "std": 0.0750151238080222
        },
        "5": {
            "mean": 1.6744640756578948,
            "std": 0.10470192172950954
        }
    },
    "4": {
        "1": {
            "mean": 0.5631737117794486,
            "std": 0.05973229673830784
        },
        "2": {
            "mean": 0.8601600601503759,
            "std": 0.10824237183774983
        },
        "3": {
            "mean": 1.1446138195488722,
            "std": 0.13149066768238638
        },
        "4": {
            "mean": 1.4191634789473684,
            "std": 0.17979403470198946
        },
        "5": {
            "mean": 1.7192460657894737,
            "std": 0.23597811811491176
        }
    },
    "6": {
        "1": {
            "mean": 0.567412234962406,
            "std": 0.064445135635021
        },
        "2": {
            "mean": 0.8787198157894737,
            "std": 0.11636921199215612
        },
        "3": {
            "mean": 1.1729350350877192,
            "std": 0.15821333649838656
        },
        "4": {
            "mean": 1.4649625714285714,
            "std": 0.21071286137977627
        },
        "5": {
            "mean": 1.7702786105263157,
            "std": 0.2610209159430134
        }
    },
    "8": {
        "1": {
            "mean": 0.5753148145363408,
            "std": 0.09337250708128121
        },
        "2": {
            "mean": 0.906127,
            "std": 0.19627149933019505
        },
        "3": {
            "mean": 1.2092437368421052,
            "std": 0.2630055689181371
        },
        "4": {
            "mean": 1.531334757894737,
            "std": 0.36044835674330855
        },
        "5": {
            "mean": 1.865806605263158,
            "std": 0.4402523812675961
        }
    }
}