{
    "2": {
        "1": {
            "mean": 0.5543537014998771,
            "std": 0.007084158775550645,
            "median": 0.554058,
            "q1": 0.552858,
            "q3": 0.5554
        },
        "2": {
            "mean": 0.8411210119462419,
            "std": 0.01599091791006479,
            "median": 0.840282,
            "q1": 0.838247,
            "q3": 0.8425229999999999
        },
        "3": {
            "mean": 1.1137939947089948,
            "std": 0.020116374715517974,
            "median": 1.112456,
            "q1": 1.109795,
            "q3": 1.115467
        },
        "4": {
            "mean": 1.3699684285714286,
            "std": 0.02219152290008795,
            "median": 1.3688544999999999,
            "q1": 1.36537775,
            "q3": 1.37272775
        },
        "5": {
            "mean": 1.6521917537414965,
            "std": 0.05265444278643964,
            "median": 1.649398,
            "q1": 1.645883,
            "q3": 1.652338
        }
    },
    "4": {
        "1": {
            "mean": 0.5541295460428074,
            "std": 0.0061521714181549,
            "median": 0.553736,
            "q1": 0.552469,
            "q3": 0.5550305
        },
        "2": {
            "mean": 0.8417280255102041,
            "std": 0.021750728267810833,
            "median": 0.8394189999999999,
            "q1": 0.837021,
            "q3": 0.842297
        },
        "3": {
            "mean": 1.1156181020408162,
            "std": 0.03607033718812949,
            "median": 1.112112,
            "q1": 1.108768,
            "q3": 1.1162174999999999
        },
        "4": {
            "mean": 1.3734651247165532,
            "std": 0.04623434494650203,
            "median": 1.368067,
            "q1": 1.3641955000000001,
            "q3": 1.372322
        },
        "5": {
            "mean": 1.6539953148688047,
            "std": 0.03880151520478443,
            "median": 1.648738,
            "q1": 1.645458,
            "q3": 1.652732
        }
    },
    "6": {
        "1": {
            "mean": 0.5566394678760394,
            "std": 0.011434649156769746,
            "median": 0.555719,
            "q1": 0.554198,
            "q3": 0.557348
        },
        "2": {
            "mean": 0.8476239293563579,
            "std": 0.026587468344471465,
            "median": 0.844392,
            "q1": 0.8411795,
            "q3": 0.8483335000000001
        },
        "3": {
            "mean": 1.1259871096938776,
            "std": 0.0700788100287033,
            "median": 1.1139255000000001,
            "q1": 1.1089885000000002,
            "q3": 1.12085175
        },
        "4": {
            "mean": 1.3956025272108843,
            "std": 0.09999913881815674,
            "median": 1.3705435000000001,
            "q1": 1.365761,
            "q3": 1.3832185000000001
        },
        "5": {
            "mean": 1.6887698214285713,
            "std": 0.12499219048914872,
            "median": 1.6512924999999998,
            "q1": 1.6468927500000001,
            "q3": 1.65907275
        }
    },
    "8": {
        "1": {
            "mean": 0.5593211989795919,
            "std": 0.035050401411968767,
            "median": 0.554577,
            "q1": 0.55282725,
            "q3": 0.55666725
        },
        "2": {
            "mean": 0.8545178548752834,
            "std": 0.059188740640250925,
            "median": 0.844172,
            "q1": 0.83985,
            "q3": 0.8504674999999999
        },
        "3": {
            "mean": 1.1270917074829931,
            "std": 0.0731983365453498,
            "median": 1.112901,
            "q1": 1.1073217499999999,
            "q3": 1.12251325
        },
        "4": {
            "mean": 1.4088261530612245,
            "std": 0.14763950262456094,
            "median": 1.3733434999999998,
            "q1": 1.3673712499999997,
            "q3": 1.383303
        },
        "5": {
            "mean": 1.6942649727891157,
            "std": 0.1452261457771531,
            "median": 1.650639,
            "q1": 1.644439,
            "q3": 1.662866
        }
    }
}
